lugar_objetivo,majortom:code_10km,lat,lon,dist_deg
amazonas,0010km_0039D_0692L,-3.4576998,-62.219463,0.041092806
amazonas,0010km_0038D_0692L,-3.3676002,-62.219536,0.049181424
amazonas,0010km_0039D_0691L,-3.4576216,-62.129803,0.096052
amazonas,0010km_0038D_0691L,-3.367524,-62.129883,0.09977857
amazonas,0010km_0039D_0693L,-3.4572272,-62.309666,0.10141402
amazonas,0010km_0038D_0693L,-3.3676686,-62.30973,0.10515922
amazonas,0010km_0040D_0692L,-3.5472696,-62.235054,0.13185318
amazonas,0010km_0037D_0692L,-3.2780433,-62.219604,0.138687
amazonas,0010km_0040D_0691L,-3.547191,-62.145382,0.14870907
amazonas,0010km_0037D_0691L,-3.2779691,-62.12996,0.16361684
arrecife,0010km_0204D_1561R,-18.27764,147.73682,0.038784422
arrecife,0010km_0204D_1560R,-18.27798,147.64203,0.057897333
arrecife,0010km_0205D_1560R,-18.367722,147.71959,0.08315913
arrecife,0010km_0203D_1561R,-18.187904,147.65929,0.10692572
arrecife,0010km_0205D_1559R,-18.367512,147.62532,0.10920064
arrecife,0010km_0203D_1562R,-18.1881,147.75346,0.11289368
arrecife,0010km_0204D_1562R,-18.277796,147.83104,0.13216384
arrecife,0010km_0205D_1561R,-18.36734,147.81444,0.14041887
arrecife,0010km_0204D_1559R,-18.277733,147.54779,0.15170242
arrecife,0010km_0203D_1560R,-18.188206,147.56453,0.16708426
desierto_atacama,0010km_0273D_0702L,-24.475727,-69.246315,0.024551045
desierto_atacama,0010km_0274D_0701L,-24.565203,-69.20442,0.07955343
desierto_atacama,0010km_0274D_0702L,-24.565578,-69.303375,0.08455443
desierto_atacama,0010km_0273D_0703L,-24.475534,-69.344604,0.0977168
desierto_atacama,0010km_0273D_0701L,-24.475313,-69.14743,0.10549861
desierto_atacama,0010km_0272D_0702L,-24.385828,-69.208275,0.12155752
desierto_atacama,0010km_0272D_0703L,-24.38566,-69.30708,0.12779702
desierto_atacama,0010km_0275D_0701L,-24.655067,-69.26149,0.15549254
desierto_atacama,0010km_0274D_0700L,-24.565304,-69.10547,0.1585997
desierto_atacama,0010km_0274D_0703L,-24.565348,-69.401726,0.16519995
dunas_arabia,0010km_0222U_0523R,19.985687,50.01528,0.020937629
dunas_arabia,0010km_0222U_0522R,19.985672,49.919514,0.08175167
dunas_arabia,0010km_0223U_0523R,20.075827,50.041687,0.08653027
dunas_arabia,0010km_0223U_0522R,20.075827,49.946438,0.092836335
dunas_arabia,0010km_0221U_0523R,19.896086,49.9889,0.10450551
dunas_arabia,0010km_0222U_0524R,19.985651,50.11105,0.111972846
dunas_arabia,0010km_0221U_0524R,19.89606,50.084614,0.13402545
dunas_arabia,0010km_0221U_0522R,19.896057,49.893185,0.1490424
dunas_arabia,0010km_0223U_0524R,20.075779,50.137512,0.15700974
dunas_arabia,0010km_0224U_0522R,20.16551,49.986027,0.16609898
glaciar,0010km_0563D_0517L,-50.522392,-73.03456,0.042032324
glaciar,0010km_0562D_0518L,-50.43277,-73.03236,0.053522307
glaciar,0010km_0564D_0516L,-50.61255,-73.03674,0.12992796
glaciar,0010km_0563D_0518L,-50.522533,-73.17592,0.13188647
glaciar,0010km_0562D_0519L,-50.432915,-73.173454,0.13333718
glaciar,0010km_0561D_0519L,-50.34261,-73.03018,0.14207925
glaciar,0010km_0563D_0516L,-50.522617,-72.89318,0.16167596
glaciar,0010km_0562D_0517L,-50.432457,-72.89127,0.16667336
glaciar,0010km_0564D_0517L,-50.612152,-73.17839,0.18189666
glaciar,0010km_0561D_0520L,-50.34275,-73.17101,0.18546514
lago_superior,0010km_0531U_0656L,47.740288,-87.46579,0.052852456
lago_superior,0010km_0530U_0657L,47.650246,-87.43703,0.08025691
lago_superior,0010km_0530U_0658L,47.6502,-87.57045,0.086274594
lago_superior,0010km_0531U_0657L,47.740208,-87.59945,0.10726943
lago_superior,0010km_0532U_0655L,47.829784,-87.49465,0.12989378
lago_superior,0010km_0529U_0658L,47.56061,-87.44107,0.151334
lago_superior,0010km_0531U_0655L,47.74021,-87.33214,0.17261092
lago_superior,0010km_0532U_0656L,47.830208,-87.62854,0.18296562
lago_superior,0010km_0532U_0654L,47.829742,-87.36076,0.19031471
lago_superior,0010km_0530U_0656L,47.650135,-87.303604,0.20262757
sabana,0010km_0026D_0387R,-2.289772,34.8312,0.0435788
sabana,0010km_0027D_0387R,-2.3798237,34.839947,0.04699576
sabana,0010km_0027D_0386R,-2.379399,34.749866,0.09532325
sabana,0010km_0026D_0388R,-2.2896533,34.921272,0.09820333
sabana,0010km_0026D_0386R,-2.2898848,34.741127,0.10188735
sabana,0010km_0027D_0388R,-2.3797007,34.929485,0.10679106
sabana,0010km_0025D_0387R,-2.1997085,34.83109,0.13360997
sabana,0010km_0028D_0387R,-2.4693441,34.84007,0.13621223
sabana,0010km_0025D_0388R,-2.200137,34.921154,0.15953213
sabana,0010km_0028D_0386R,-2.4694664,34.749985,0.15963383
salar_uyuni,0010km_0225D_0706L,-20.163744,-67.53079,0.05641251
salar_uyuni,0010km_0225D_0705L,-20.16346,-67.43494,0.05699578
salar_uyuni,0010km_0224D_0706L,-20.074001,-67.49491,0.06042569
salar_uyuni,0010km_0224D_0705L,-20.073702,-67.39911,0.10315061
salar_uyuni,0010km_0224D_0707L,-20.073704,-67.59016,0.12235312
salar_uyuni,0010km_0225D_0707L,-20.16397,-67.62608,0.14604098
salar_uyuni,0010km_0226D_0706L,-20.253479,-67.56671,0.14628874
salar_uyuni,0010km_0225D_0704L,-20.163664,-67.33907,0.1473875
salar_uyuni,0010km_0223D_0706L,-19.984095,-67.44073,0.15516074
salar_uyuni,0010km_0223D_0707L,-19.98437,-67.536476,0.15814036
tokio,0010km_0397U_1263R,35.70443,139.65495,0.039660893
tokio,0010km_0397U_1264R,35.704536,139.7657,0.07551745
tokio,0010km_0396U_1264R,35.61497,139.63658,0.09269314
tokio,0010km_0396U_1265R,35.614548,139.74722,0.093278594
tokio,0010km_0398U_1262R,35.79435,139.71585,0.107597075
tokio,0010km_0398U_1261R,35.794746,139.60564,0.13595325
tokio,0010km_0397U_1262R,35.704765,139.54419,0.14829461
tokio,0010km_0395U_1266R,35.525185,139.6864,0.16439955
tokio,0010km_0398U_1263R,35.794403,139.82674,0.1709993
tokio,0010km_0396U_1263R,35.614758,139.52661,0.1812161
tundra,0010km_0778U_0268R,69.92477,70.09484,0.12105738
tundra,0010km_0779U_0266R,70.014755,69.87775,0.12314063
tundra,0010km_0780U_0265R,70.1044,69.921036,0.13090011
tundra,0010km_0779U_0267R,70.01435,70.14044,0.14117321
tundra,0010km_0777U_0269R,69.83463,70.051155,0.17309861
tundra,0010km_0778U_0267R,69.924576,69.833244,0.18301985
tundra,0010km_0781U_0264R,70.19403,69.9647,0.1972159
tundra,0010km_0780U_0266R,70.10392,70.18486,0.2120676
tundra,0010km_0776U_0270R,69.74502,70.00787,0.25510353
tundra,0010km_0777U_0268R,69.83491,69.7907,0.2665724
